Name,Tags
Action Plan templates,Policy and Procedure
Alliance Care Model,
Alliance Inclement Weather Guidelines,Policy and Procedure
Alliance PTP CD Expectations 1.1.22,Policy and Procedure
APTP Powerpoint Template,
Back In Motion PTA Manual Therapy Techniques Checklist,Patient Management
Being Professional - What Does it Mean,Performance Management
CANCELLATION AND NO SHOW NOTICE,Schedule Management
Chart Reviews,Schedule Management
Chart Reviews,Schedule Management
Clinic Scenarios,"Development, Patient Management, Performance Management, Schedule Management"
Core Behavior Expectations,"Development, Performance Management, Policy and Procedure"
Expectations of a Clinic Director,"Development, Performance Management"
Expectations of an Alliance Clinic Director,"Development, Performance Management"
FOC Schedule Optimization,Schedule Management
Free Injury Screen Policy,Policy and Procedure
Gaining Agreement with Your Treatment Approach,Patient Management
Holiday Planning For Success,Schedule Management
"Holiday Planning For Success ",Schedule Management
Medical Records FAQ,Policy and Procedure
Net Promoter Score Quick Reference Guide,Performance Management
Partner Leadership Grid,Policy and Procedure
Pride in PT,Development
PTO management guidelines,Performance Management
Red Envelope Policy APTP 11.2018,Policy and Procedure
Reschedule and Cancel Guidelines,Patient Management
Responibilities of an Alliance Leader,Performance Management
Responsibilities & Role of Group Director,Performance Management
Screening-Intake-Form-ERS 0219-2,Policy and Procedure
Screening-Report-ERS 0519 (002),Policy and Procedure
Scripted Responses to Patients,Patient Management
Scripted Responses to Patients who Cx,Patient Management
Stay Interview FAQ,Performance Management
Stay Interview Questions,Performance Management
Student Observation Program Guidelines,Policy and Procedure
Student Observer Agreement,Policy and Procedure
Student OBSERVER Checklist & Questionnaire,Policy and Procedure
Therapeutic Alliance,
Work Conditioning/Smart Protocol,