Name,Tags,Department
Authorization for Release of Protected Health Information,,Compliance
Compliance Newsletter 2019-Holiday Gift Giving,,Compliance
Faxing PHI,,Compliance
HIPAA Hints - Emailing Patient Packets,,Compliance
HIPAA Hints - Minors,,Compliance
HIPAA Hints - Payment and Collections Contacts,,Compliance
HIPAA Hints - Privacy FAQs,,Compliance
Hydrocollator_Warmer_Temperature_Cleaning_Log,,Compliance
Record Retention Policy,,Compliance
Red Envelope Policy Intro Letter 10.21.22,,Compliance
Revocation of Authorization for Release of Protected Health Information,,Compliance