Name,Tags,Department,Type
FCE Protocol,,Workers Comp,
Work Conditioning/SMART Procedures,,Workers Comp,
Work Conditioning/Hardening Excercises,,Workers Comp,
What is a Work Conditioning/Hardening Program,,Workers Comp,
Advanced Work Rehabilitation Guidelines,,Workers Comp,
Baseline Testing,,Workers Comp,
Work Conditioning/Hardening Checklist,,Workers Comp,
Patient Dedication Page for WCWH,,Workers Comp,
Material Weight Guidelines,,Workers Comp,
MedRisk Referral Info,,Workers Comp,
Physical Demand Levels,,Workers Comp,